Title,Company,Location,Posted Time
UI / UX Designer,Hive,"San Francisco, CA","Posted
Posted 30+ days ago"
UX Designer (Contract),Hive,"San Francisco, CA","Posted
Just posted"
UX Designer,Hive,"San Francisco, CA","Employer
Active Today"
Product Design Apprentice,Hive,"San Francisco, CA","Posted
Today"
"Senior UX Writer and Content Designer, Google Ads",Hive,"San Francisco, CA","Posted
Just posted"
Games UI / UX Designer,Hive,"San Francisco, CA","Posted
Posted 30+ days ago"
"Senior Designer, Web Creative (UX/UI) - Williams Sonoma",Hive,"San Francisco, CA","Posted
Posted 11 days ago"
UX Designer,Hive,"San Francisco, CA","Posted
Posted 30+ days ago"
Digital Designer,Hive,"San Francisco, CA","Posted
Posted 25 days ago"
Lead Designer,Hive,"San Francisco, CA","Posted
Posted 30+ days ago"
Content Designer,Hive,"San Francisco, CA","Posted
Posted 14 days ago"
Lead UX Product Designer - Remote/Hybrid,Hive,"San Francisco, CA","Posted
Posted 12 days ago"
Product Designer (Remote),Hive,"San Francisco, CA","Posted
Posted 12 days ago"
Product Designer II - Earner Experience,Hive,"San Francisco, CA","Posted
Posted 30+ days ago"
Senior UX Designer (Hybrid),Hive,"San Francisco, CA","Posted
Posted 12 days ago"
Senior UX Designer (Hybrid),Tenable,"San Francisco, CA 94016","Posted
Posted 12 days ago"
UX Product Designer,Tenable,"San Francisco, CA 94016","Posted
Posted 30+ days ago"
UX Designer,Tenable,"San Francisco, CA 94016","Posted
Posted 30+ days ago"
Designer,Tenable,"San Francisco, CA 94016","Posted
Posted 30+ days ago"
Product Designer,Tenable,"San Francisco, CA 94016","Posted
Posted 30+ days ago"
Senior UX Designer G5869,Tenable,"San Francisco, CA 94016","Posted
Posted 25 days ago"
UX Designer,Tenable,"San Francisco, CA 94016","Posted
Posted 30+ days ago"
Sr. UX Designer,Tenable,"San Francisco, CA 94016","Posted
Posted 30+ days ago"
User Experience Designer,Tenable,"San Francisco, CA 94016","Posted
Posted 30+ days ago"
Senior UX Designer,Tenable,"San Francisco, CA 94016","Posted
Posted 30+ days ago"
UI/UX Designer,Tenable,"San Francisco, CA 94016","Posted
Posted 30+ days ago"
UX Content Designer Contract,Tenable,"San Francisco, CA 94016","Posted
Just posted"
Senior UX Designer,Tenable,"San Francisco, CA 94016","Posted
Posted 22 days ago"
"Product Designer, Intuit Assist",Tenable,"San Francisco, CA 94016","Posted
Posted 10 days ago"
Junior to Mid-level Product Designer,Tenable,"San Francisco, CA 94016","Posted
Posted 30+ days ago"
UX Designer III - Intelligent Business Growth,Walmart,"San Bruno, CA 94066","Posted
Posted 11 days ago"
Product/UX Designer,Walmart,"San Bruno, CA 94066","Employer
Active 4 days ago"
"UX Designer, Healthcare - Innovation Center (contractor)",Walmart,"San Bruno, CA 94066","Posted
Posted 30+ days ago"
Product Designer,Walmart,"San Bruno, CA 94066","Posted
Posted 30+ days ago"
Staff Product Designer,Walmart,"San Bruno, CA 94066","Posted
Posted 5 days ago"
Senior UX Content designer,Walmart,"San Bruno, CA 94066","Posted
Posted 28 days ago"
"User Experience Designer, UX Design",Walmart,"San Bruno, CA 94066","Posted
Posted 30+ days ago"
Sr. UX Designer,Walmart,"San Bruno, CA 94066","Posted
Posted 30+ days ago"
Senior UX Designer - Core Products,Walmart,"San Bruno, CA 94066","Posted
Posted 30+ days ago"
UX Designer,Walmart,"San Bruno, CA 94066","Posted
Posted 30+ days ago"
"UX Designer, B2B",Walmart,"San Bruno, CA 94066","Posted
Posted 6 days ago"
Product Designer,Walmart,"San Bruno, CA 94066","Posted
Posted 28 days ago"
"Senior UX Designer, Observability",Walmart,"San Bruno, CA 94066","Posted
Posted 30+ days ago"
Product Designer,Walmart,"San Bruno, CA 94066","Posted
Posted 30+ days ago"
"Product Designer, UX/UI",Walmart,"San Bruno, CA 94066","Posted
Posted 30+ days ago"
Content Designer,Meta,"Menlo Park, CA 94025","Posted
Posted 4 days ago"
Product Designer,Meta,"Menlo Park, CA 94025","Posted
Posted 7 days ago"
Content Designer,Meta,"Menlo Park, CA 94025","Posted
Posted 5 days ago"
Product Designer,Meta,"Menlo Park, CA 94025","Posted
Posted 7 days ago"
UI/UX Designer,Meta,"Menlo Park, CA 94025","Posted
Posted 30+ days ago"
Webflow Web Designer and Developer,Meta,"Menlo Park, CA 94025","Posted
Posted 3 days ago"
Graphic Designer,Meta,"Menlo Park, CA 94025","Posted
Posted 30+ days ago"
"UX Designer - AI, SaaS, B2B, B2C",Meta,"Menlo Park, CA 94025","Posted
Posted 5 days ago"
9976 (1043) SENIOR PRODUCT DESIGNER,Meta,"Menlo Park, CA 94025","Posted
Posted 8 days ago"
"Senior Content Designer, User Education",Meta,"Menlo Park, CA 94025","Posted
Posted 12 days ago"
UI/UX Designer III,Meta,"Menlo Park, CA 94025","Posted
Posted 30+ days ago"
UI DESIGNER,Meta,"Menlo Park, CA 94025","Posted
Posted 30+ days ago"
User Experience Designer,Meta,"Menlo Park, CA 94025","Employer
Active 5 days ago"
Lead Product Designer,Meta,"Menlo Park, CA 94025","Posted
Posted 30+ days ago"
UI/UX Designer,Meta,"Menlo Park, CA 94025","Posted
Posted 30+ days ago"
UI/UX Designer,Ciitizen,"Mountain View, CA 94043","Posted
Posted 30+ days ago"
Senior Product Designer,Ciitizen,"Mountain View, CA 94043","Posted
Posted 30+ days ago"
"Staff Designer, GenStudio Onboarding, Brand & Persona",Ciitizen,"Mountain View, CA 94043","Posted
Posted 12 days ago"
Senior UI Designer,Ciitizen,"Mountain View, CA 94043","Posted
Posted 30+ days ago"
"Manager, Product Design - Tools",Ciitizen,"Mountain View, CA 94043","Posted
Posted 15 days ago"
UI/UX and Product Designer,Ciitizen,"Mountain View, CA 94043","Posted
Posted 30+ days ago"
"Staff UX Designer, AI",Ciitizen,"Mountain View, CA 94043","Posted
Posted 28 days ago"
Senior UX/UI Digital Product Designer,Ciitizen,"Mountain View, CA 94043","Posted
Posted 8 days ago"
Senior Product Designer,Ciitizen,"Mountain View, CA 94043","Posted
Posted 6 days ago"
Sr. UI/UX Designer,Ciitizen,"Mountain View, CA 94043","Posted
Posted 30+ days ago"
UI/UX Designer,Ciitizen,"Mountain View, CA 94043","Posted
Posted 30+ days ago"
Graphic and UX/UI Designer,Ciitizen,"Mountain View, CA 94043","Posted
Posted 30+ days ago"
"Senior Product Designer, Growth",Ciitizen,"Mountain View, CA 94043","Posted
Posted 30+ days ago"
"Product Designer, Scientific Modalities",Ciitizen,"Mountain View, CA 94043","Posted
Posted 30+ days ago"
Product Designer - Monetization,Ciitizen,"Mountain View, CA 94043","Posted
Posted 30+ days ago"
Senior Product Designer,Abbott Laboratories,"Milpitas, CA","Posted
Posted 7 days ago"
Senior UX Designer,Abbott Laboratories,"Milpitas, CA","Posted
Posted 30+ days ago"
"Interaction Designer, Hardware",Abbott Laboratories,"Milpitas, CA","Posted
Posted 18 days ago"
"Lead UX Designer, Website",Abbott Laboratories,"Milpitas, CA","Posted
Posted 30+ days ago"
Visual/UI Designer,Abbott Laboratories,"Milpitas, CA","Posted
Posted 30+ days ago"
Visual Designer,Abbott Laboratories,"Milpitas, CA","Posted
Posted 30+ days ago"
Digital Designer,Abbott Laboratories,"Milpitas, CA","Posted
Posted 30+ days ago"
UX Designer,Abbott Laboratories,"Milpitas, CA","Posted
Posted 5 days ago"
"Senior Product Designer - Remote, US",Abbott Laboratories,"Milpitas, CA","Posted
Posted 30+ days ago"
Senior UX Product Designer,Abbott Laboratories,"Milpitas, CA","Posted
Posted 5 days ago"
UX/Interaction Designer,Abbott Laboratories,"Milpitas, CA","Posted
Posted 30+ days ago"
"Staff, UX Designer - Data Ventures",Abbott Laboratories,"Milpitas, CA","Posted
Posted 30+ days ago"
Senior Product Designer,Abbott Laboratories,"Milpitas, CA","Posted
Posted 30+ days ago"
"Product Designer, TikTok Social, Creation, Account",Abbott Laboratories,"Milpitas, CA","Posted
Posted 30+ days ago"
(USA) Senior UX Designer,Abbott Laboratories,"Milpitas, CA","Posted
Posted 12 days ago"
"Product Designer, Content",TikTok,"San Jose, CA 95110 
(Downtown area)","Posted
Posted 30+ days ago"
Senior UI/UX Product Designer,TikTok,"San Jose, CA 95110 
(Downtown area)","Posted
Posted 30+ days ago"
Principal UX Designer,TikTok,"San Jose, CA 95110 
(Downtown area)","Posted
Posted 30+ days ago"
Product Designer,TikTok,"San Jose, CA 95110 
(Downtown area)","Posted
Posted 30+ days ago"
"Alibaba.com-Content Strategist,User Experience Design-Sunnyvale",TikTok,"San Jose, CA 95110 
(Downtown area)","Posted
Posted 15 days ago"
UI Designer,TikTok,"San Jose, CA 95110 
(Downtown area)","Posted
Posted 30+ days ago"
Senior Designer & UX Strategist,TikTok,"San Jose, CA 95110 
(Downtown area)","Posted
Posted 30+ days ago"
Interaction Designer Digital Products,TikTok,"San Jose, CA 95110 
(Downtown area)","Posted
Posted 6 days ago"
Lead UX Designer,TikTok,"San Jose, CA 95110 
(Downtown area)","Posted
Posted 26 days ago"
"Sr. User Experience Designer, Vision Automation",TikTok,"San Jose, CA 95110 
(Downtown area)","Posted
Posted 30+ days ago"
"Principal Content Designer, Trust",TikTok,"San Jose, CA 95110 
(Downtown area)","Posted
Posted 26 days ago"
University Web and User Experience Designer,TikTok,"San Jose, CA 95110 
(Downtown area)","Posted
Posted 30+ days ago"
Principal UX Designer,TikTok,"San Jose, CA 95110 
(Downtown area)","Posted
Posted 30+ days ago"
"Technical Writer and Content Designer, Google Workspace",TikTok,"San Jose, CA 95110 
(Downtown area)","Posted
Posted 20 days ago"
"(USA) Senior UX Designer - End to End, Enterprise Services",TikTok,"San Jose, CA 95110 
(Downtown area)","Posted
Posted 30+ days ago"
Senior Web Designer,Abbott Laboratories,"Alameda, CA","Posted
Posted 30+ days ago"
"Senior Visual Designer, Gaming Platform",Abbott Laboratories,"Alameda, CA","Posted
Posted 30+ days ago"
Creative Video Designer,Abbott Laboratories,"Alameda, CA","Posted
Posted 30+ days ago"
"Lead Product Designer, Growth",Abbott Laboratories,"Alameda, CA","Posted
Posted 30+ days ago"
Motion Designer & Video Editor - Social Content,Abbott Laboratories,"Alameda, CA","Posted
Posted 4 days ago"
Senior Product Designer,Abbott Laboratories,"Alameda, CA","Posted
Posted 30+ days ago"
Senior Product Designer,Abbott Laboratories,"Alameda, CA","Posted
Posted 30+ days ago"
Sr UI/UX Designer,Abbott Laboratories,"Alameda, CA","Posted
Posted 30+ days ago"
Senior Product Designer,Abbott Laboratories,"Alameda, CA","Posted
Posted 20 days ago"
UX/ UI Architect,Abbott Laboratories,"Alameda, CA","Posted
Posted 30+ days ago"
Principal Product Designer - Insights,Abbott Laboratories,"Alameda, CA","Posted
Posted 30+ days ago"
Interactive Designer,Abbott Laboratories,"Alameda, CA","Posted
Posted 30+ days ago"
"Staff UX Designer, Labs",Abbott Laboratories,"Alameda, CA","Posted
Posted 13 days ago"
Anime Game Designer,Abbott Laboratories,"Alameda, CA","Posted
Posted 18 days ago"
"Senior UX/UI Designer, Rider Applications",Abbott Laboratories,"Alameda, CA","Posted
Posted 30+ days ago"
"Senior UX/UI Designer, Rider Applications",Zoox,"Foster City, CA","Posted
Posted 30+ days ago"
"Senior Motion Designer, Google Photos",Zoox,"Foster City, CA","Posted
Posted 4 days ago"
Staff Product Designer,Zoox,"Foster City, CA","Posted
Posted 30+ days ago"
UI/UX Designer,Zoox,"Foster City, CA","Posted
Posted 30+ days ago"
Product Design Engineer,Zoox,"Foster City, CA","Posted
Posted 19 days ago"
Senior Visual Designer,Zoox,"Foster City, CA","Posted
Posted 22 days ago"
"Senior UX Designer, Alexa AI",Zoox,"Foster City, CA","Posted
Posted 28 days ago"
Product Designer (University Grad),Zoox,"Foster City, CA","Posted
Posted 24 days ago"
UI/UX Web Designer & Developer,Zoox,"Foster City, CA","Posted
Posted 30+ days ago"
Lead Multiplayer Designer,Zoox,"Foster City, CA","Posted
Posted 30+ days ago"
Sr. Web UI/UX Designer,Zoox,"Foster City, CA","Posted
Posted 30+ days ago"
"(USA) Principal, UX Designer - UX Research",Zoox,"Foster City, CA","Posted
Posted 6 days ago"
Director of Product Design,Zoox,"Foster City, CA","Posted
Posted 14 days ago"
Lead Product Designer,Zoox,"Foster City, CA","Posted
Posted 30+ days ago"
Product Designer - Reality Labs,Zoox,"Foster City, CA","Posted
Posted 18 days ago"
"Staff Product Designer, Accessibility",Khan Academy,"Mountain View, CA","Posted
Posted 30+ days ago"
Graphic Designer,Khan Academy,"Mountain View, CA","Posted
Posted 30+ days ago"
Senior Product Designer,Khan Academy,"Mountain View, CA","Posted
Posted 30+ days ago"
Sr. UX/UI Designer,Khan Academy,"Mountain View, CA","Posted
Posted 30+ days ago"
Principal UX Designer,Khan Academy,"Mountain View, CA","Posted
Posted 30+ days ago"
Staff Product Designer - Design Systems,Khan Academy,"Mountain View, CA","Posted
Posted 30+ days ago"
"Sr Manager, Product Design, Shoppers",Khan Academy,"Mountain View, CA","Posted
Posted 12 days ago"
Visual Designer,Khan Academy,"Mountain View, CA","Posted
Posted 30+ days ago"
Product & Visual Designer,Khan Academy,"Mountain View, CA","Employer
Active 4 days ago"
"Lead Designer, Central AI",Khan Academy,"Mountain View, CA","Posted
Posted 30+ days ago"
Principal Product Designer,Khan Academy,"Mountain View, CA","Posted
Posted 30+ days ago"
Product Design Director,Khan Academy,"Mountain View, CA","Posted
Posted 30+ days ago"
Senior Product Designer,Khan Academy,"Mountain View, CA","Posted
Posted 30+ days ago"
"Principal UX Designer, Alexa AI",Khan Academy,"Mountain View, CA","Posted
Posted 28 days ago"
Lead Product Designer - Brand Partnerships,Khan Academy,"Mountain View, CA","Posted
Posted 30+ days ago"
Lead Product Designer - Brand Partnerships,GoodRx,"San Francisco, CA","Posted
Posted 30+ days ago"
UniversalGiving® UI/UX Designer Paid - Make An Impact!,GoodRx,"San Francisco, CA","Posted
Posted 30+ days ago"
Senior Product Designer - SF,GoodRx,"San Francisco, CA","Posted
Posted 30+ days ago"
Product Designer,GoodRx,"San Francisco, CA","Posted
Posted 12 days ago"
"Staff Product Designer, Contact Center/AI",GoodRx,"San Francisco, CA","Posted
Posted 30+ days ago"
Senior Product Designer,GoodRx,"San Francisco, CA","Posted
Posted 22 days ago"
Motion Designer - San Francisco,GoodRx,"San Francisco, CA","Posted
Posted 30+ days ago"
Lead Product Designer,GoodRx,"San Francisco, CA","Posted
Posted 30+ days ago"
Senior Systems Designer,GoodRx,"San Francisco, CA","Posted
Posted 30+ days ago"
"Principal Product Designer, Investing",GoodRx,"San Francisco, CA","Posted
Posted 30+ days ago"
Senior Product Designer - Generative AI,GoodRx,"San Francisco, CA","Posted
Posted 30+ days ago"
Lead Product Designer,GoodRx,"San Francisco, CA","Posted
Posted 30+ days ago"
Product Design Director,GoodRx,"San Francisco, CA","Posted
Posted 30+ days ago"
Lead Product Designer - Veeva Labs,GoodRx,"San Francisco, CA","Posted
Posted 30+ days ago"
"Senior Product Designer, Monetization",GoodRx,"San Francisco, CA","Posted
Posted 30+ days ago"
Sr. Product Designer,Illumio,"Sunnyvale, CA","Posted
Posted 30+ days ago"
"Senior Content Designer, Product",Illumio,"Sunnyvale, CA","Posted
Posted 30+ days ago"
Senior Product Designer,Illumio,"Sunnyvale, CA","Posted
Posted 30+ days ago"
UI/UX Designer for Trading Application,Illumio,"Sunnyvale, CA","Posted
Posted 30+ days ago"
Mid-Level Product Designer,Illumio,"Sunnyvale, CA","Posted
Posted 30+ days ago"
Sr Product Designer,Illumio,"Sunnyvale, CA","Employer
Active 4 days ago"
Lead Product Designer,Illumio,"Sunnyvale, CA","Posted
Posted 30+ days ago"
"Partner 20, Senior Product Designer",Illumio,"Sunnyvale, CA","Posted
Posted 20 days ago"
"Content Designer, Monetization Products",Illumio,"Sunnyvale, CA","Posted
Posted 30+ days ago"
"Sr. Product Engineer, Design & Service",Illumio,"Sunnyvale, CA","Posted
Posted 6 days ago"
"Sr. Product Designer, Samsung Ads",Illumio,"Sunnyvale, CA","Posted
Posted 21 days ago"
Product Design Manager,Illumio,"Sunnyvale, CA","Posted
Posted 30+ days ago"
Lead Content Designer,Illumio,"Sunnyvale, CA","Posted
Posted 30+ days ago"
Lead Product Designer - Atlassian Intelligence (AI),Illumio,"Sunnyvale, CA","Posted
Posted 30+ days ago"
"Principal Product Designer, Trust",Illumio,"Sunnyvale, CA","Posted
Posted 25 days ago"
Product Design Lead,Pramp,"San Francisco, CA","Posted
Posted 30+ days ago"
Principal Product Designer,Pramp,"San Francisco, CA","Posted
Posted 30+ days ago"
"Senior Product Designer II, Design Systems",Pramp,"San Francisco, CA","Posted
Posted 30+ days ago"
Senior UI Designer,Pramp,"San Francisco, CA","Posted
Posted 30+ days ago"
"Manager, Product Design",Pramp,"San Francisco, CA","Posted
Posted 6 days ago"
"(USA) Principal, UX Designer",Pramp,"San Francisco, CA","Posted
Posted 26 days ago"
"Manager, UX Design",Pramp,"San Francisco, CA","Posted
Posted 30+ days ago"
"Principal Content Designer, Trust",Pramp,"San Francisco, CA","Posted
Posted 26 days ago"
Product Designer,Pramp,"San Francisco, CA","Posted
Posted 30+ days ago"
Website Graphic Designer,Pramp,"San Francisco, CA","Employer
Active 9 days ago"
Senior Product Designer - Rider,Pramp,"San Francisco, CA","Posted
Posted 30+ days ago"
Senior Product Designer,Pramp,"San Francisco, CA","Posted
Posted 13 days ago"
Product Designer - Customer Care,Pramp,"San Francisco, CA","Posted
Posted 30+ days ago"
Senior Product Designer,Pramp,"San Francisco, CA","Posted
Posted 30+ days ago"
Software Engineer (UX Design),Pramp,"San Francisco, CA","Posted
Posted 30+ days ago"
Senior Product Designer,Intuit,"Mountain View, CA 94043","Posted
Posted 26 days ago"
"Senior Product Designer, Content",Intuit,"Mountain View, CA 94043","Posted
Posted 30+ days ago"
Senior Motion Designer,Intuit,"Mountain View, CA 94043","Posted
Posted 30+ days ago"
Principal UX Designer (NetSec),Intuit,"Mountain View, CA 94043","Posted
Posted 30+ days ago"
"Senior Product Designer, Feature Management",Intuit,"Mountain View, CA 94043","Posted
Posted 11 days ago"
Principal Product Designer,Intuit,"Mountain View, CA 94043","Posted
Posted 30+ days ago"
Sr/Staff Product Designer - Design Systems,Intuit,"Mountain View, CA 94043","Posted
Posted 30+ days ago"
"i-team Civic Designer, Oakland, CA",Intuit,"Mountain View, CA 94043","Posted
Posted 30+ days ago"
Senior UI/UX Designer,Intuit,"Mountain View, CA 94043","Posted
Posted 30+ days ago"
Senior Product Designer (Eric Lee's backup),Intuit,"Mountain View, CA 94043","Posted
Posted 30+ days ago"
Designer - Product III,Intuit,"Mountain View, CA 94043","Posted
Posted 15 days ago"
Product Design Leader,Intuit,"Mountain View, CA 94043","Posted
Posted 7 days ago"
Staff Product Designer,Intuit,"Mountain View, CA 94043","Posted
Posted 30+ days ago"
"Sr. Manager, Staff Product Designer - Enterprise Data(Hybrid)",Intuit,"Mountain View, CA 94043","Posted
Posted 5 days ago"
Senior Product Design Manager,Intuit,"Mountain View, CA 94043","Posted
Posted 30+ days ago"
"Lead Product Designer, Design System",Course Hero,"Hybrid work in Redwood City, CA","Posted
Posted 30+ days ago"
Sr. User Experience Interaction Designer,Course Hero,"Hybrid work in Redwood City, CA","Posted
Posted 30+ days ago"
Product Designer (UX) - Global Payment,Course Hero,"Hybrid work in Redwood City, CA","Posted
Posted 30+ days ago"
"Sr. UX Designer, DOTS",Course Hero,"Hybrid work in Redwood City, CA","Posted
Posted 30+ days ago"
Senior Content Designer,Course Hero,"Hybrid work in Redwood City, CA","Posted
Posted 30+ days ago"
Senior Visual Designer,Course Hero,"Hybrid work in Redwood City, CA","Posted
Posted 30+ days ago"
"Product Design Lead, Benefits Marketplace",Course Hero,"Hybrid work in Redwood City, CA","Posted
Posted 25 days ago"
Principal Designer - Checkout,Course Hero,"Hybrid work in Redwood City, CA","Posted
Posted 30+ days ago"
"Senior Product Designer, Monetization",Course Hero,"Hybrid work in Redwood City, CA","Posted
Posted 30+ days ago"
Senior UI/UX Designer,Course Hero,"Hybrid work in Redwood City, CA","Posted
Posted 4 days ago"
"Senior Interaction Designer, Hardware",Course Hero,"Hybrid work in Redwood City, CA","Posted
Posted 26 days ago"
"Product Design Manager, TikTok Shop",Course Hero,"Hybrid work in Redwood City, CA","Posted
Posted 30+ days ago"
"Principal Product Designer, Trust",Course Hero,"Hybrid work in Redwood City, CA","Posted
Posted 25 days ago"
Principal Product Designer,Course Hero,"Hybrid work in Redwood City, CA","Posted
Posted 30+ days ago"
Senior Product Designer (Data and Business Intelligence),Course Hero,"Hybrid work in Redwood City, CA","Posted
Posted 30+ days ago"
Senior UI/UX Designer,"Contact Government Services, LLC","Hybrid work in San Francisco, CA","Posted
Posted 4 days ago"
Principal Product Designer,"Contact Government Services, LLC","Hybrid work in San Francisco, CA","Posted
Posted 30+ days ago"
"Senior Manager, Product Design","Contact Government Services, LLC","Hybrid work in San Francisco, CA","Posted
Posted 26 days ago"
"Principal Product Designer, Trust","Contact Government Services, LLC","Hybrid work in San Francisco, CA","Posted
Posted 25 days ago"
Senior Product Designer (Eric Lee's backup),"Contact Government Services, LLC","Hybrid work in San Francisco, CA","Posted
Posted 30+ days ago"
"(USA) Principal, UX Designer - Walmart Health & Wellness","Contact Government Services, LLC","Hybrid work in San Francisco, CA","Posted
Posted 30+ days ago"
Senior Content Designer,"Contact Government Services, LLC","Hybrid work in San Francisco, CA","Posted
Posted 30+ days ago"
Interaction Designer,"Contact Government Services, LLC","Hybrid work in San Francisco, CA","Posted
Posted 30+ days ago"
Senior Web Designer,"Contact Government Services, LLC","Hybrid work in San Francisco, CA","Posted
Posted 30+ days ago"
Sr Product Designer II - Ads and Offers,"Contact Government Services, LLC","Hybrid work in San Francisco, CA","Posted
Posted 30+ days ago"
Lead Visual Designer,"Contact Government Services, LLC","Hybrid work in San Francisco, CA","Posted
Posted 30+ days ago"
Content Designer,"Contact Government Services, LLC","Hybrid work in San Francisco, CA","Posted
Posted 30+ days ago"
"Senior Product Designer, Monetization","Contact Government Services, LLC","Hybrid work in San Francisco, CA","Posted
Posted 30+ days ago"
"Senior Manager, Product Design (Growth)","Contact Government Services, LLC","Hybrid work in San Francisco, CA","Posted
Posted 30+ days ago"
"Senior Staff Product Designer, New Product Generative AI","Contact Government Services, LLC","Hybrid work in San Francisco, CA","Posted
Posted 14 days ago"
"Senior Manager, Product Design (Growth)",Rekuten Global,"San Francisco, CA","Posted
Posted 30+ days ago"
UX Staff Product Designer,Rekuten Global,"San Francisco, CA","Posted
Posted 22 days ago"
Content Designer,Rekuten Global,"San Francisco, CA","Posted
Posted 30+ days ago"
"Principal UX Design - Smart Glasses, Smart Glasses",Rekuten Global,"San Francisco, CA","Posted
Posted 30+ days ago"
Sr Product Designer,Rekuten Global,"San Francisco, CA","Posted
Posted 30+ days ago"
User Experience Design Lead - AppleCare,Rekuten Global,"San Francisco, CA","Posted
Posted 30+ days ago"
Product Design Group Lead,Rekuten Global,"San Francisco, CA","Posted
Posted 30+ days ago"
"Lead Product Designer, Monetization Business Integrity",Rekuten Global,"San Francisco, CA","Posted
Posted 30+ days ago"
"Senior Product Design Manager, Design Foundation",Rekuten Global,"San Francisco, CA","Posted
Posted 30+ days ago"
"Creative Visual Designer, TikTok Shop",Rekuten Global,"San Francisco, CA","Posted
Posted 30+ days ago"
Haptics Product Design Engineer,Rekuten Global,"San Francisco, CA","Posted
Posted 3 days ago"
"Senior Manager, Product Design (Growth)",Rekuten Global,"San Francisco, CA","Posted
Posted 30+ days ago"
UNITY SERIOUS GAMES/SIMULATION DESIGNER,Rekuten Global,"San Francisco, CA","Posted
Posted 30+ days ago"
"Staff Product Designer, Employer",Rekuten Global,"San Francisco, CA","Posted
Posted 30+ days ago"
Visual Designer,Rekuten Global,"San Francisco, CA","Posted
Posted 30+ days ago"
Visual Designer,BayOne,"Mountain View, CA","Posted
Posted 30+ days ago"
Staff Product Design Engineer,BayOne,"Mountain View, CA","Posted
Posted 30+ days ago"
TikTok Shop Senior UX Designer - Consumer,BayOne,"Mountain View, CA","Posted
Posted 30+ days ago"
"Senior Director, UX Design - Marketplace",BayOne,"Mountain View, CA","Posted
Posted 30+ days ago"
Sr. Staff Product Designer,BayOne,"Mountain View, CA","Posted
Posted 30+ days ago"
Graphic designer,BayOne,"Mountain View, CA","Posted
Posted 27 days ago"
"Senior Motion Designer, YouTube",BayOne,"Mountain View, CA","Posted
Posted 20 days ago"
TikTok Shop Senior UX Designer - Design Systems,BayOne,"Mountain View, CA","Posted
Posted 30+ days ago"
Senior Product Design Engineer,BayOne,"Mountain View, CA","Posted
Posted 30+ days ago"
User Experience Architect III (Contract Talent),BayOne,"Mountain View, CA","Posted
Posted 5 days ago"
Haptics Product Design Engineer,BayOne,"Mountain View, CA","Posted
Posted 30+ days ago"
Sr. Conversational Designer,BayOne,"Mountain View, CA","Posted
Posted 30+ days ago"
"Sr.Staff Product Designer, Data Engineering",BayOne,"Mountain View, CA","Posted
Posted 7 days ago"
"Senior Product Designer, Platform",BayOne,"Mountain View, CA","Posted
Posted 30+ days ago"
Ergonomics Product Design Engineering Program Manager - Apple Vision Pro,BayOne,"Mountain View, CA","Posted
Posted 30+ days ago"
Senior Lead Product Designer - Consumer Digital Channels,Wells Fargo,"San Francisco, CA","Posted
Posted 21 days ago"
Staff Product Design Engineer,Rivian,"Palo Alto, CA 94304","Posted
Posted 30+ days ago"
TikTok Shop Senior UX Designer - Consumer,Rivian,"Palo Alto, CA 94304","Posted
Posted 30+ days ago"
"Senior Director, UX Design - Marketplace",Rivian,"Palo Alto, CA 94304","Posted
Posted 30+ days ago"
Sr. Staff Product Designer,Rivian,"Palo Alto, CA 94304","Posted
Posted 30+ days ago"
Graphic designer,Rivian,"Palo Alto, CA 94304","Posted
Posted 27 days ago"
"Senior Motion Designer, YouTube",Rivian,"Palo Alto, CA 94304","Posted
Posted 20 days ago"
TikTok Shop Senior UX Designer - Design Systems,Rivian,"Palo Alto, CA 94304","Posted
Posted 30+ days ago"
Senior Product Design Engineer,Rivian,"Palo Alto, CA 94304","Posted
Posted 30+ days ago"
User Experience Architect III (Contract Talent),Rivian,"Palo Alto, CA 94304","Posted
Posted 5 days ago"
Haptics Product Design Engineer,Rivian,"Palo Alto, CA 94304","Posted
Posted 30+ days ago"
Sr. Conversational Designer,Rivian,"Palo Alto, CA 94304","Posted
Posted 30+ days ago"
"Sr.Staff Product Designer, Data Engineering",Rivian,"Palo Alto, CA 94304","Posted
Posted 7 days ago"
"Senior Product Designer, Platform",Rivian,"Palo Alto, CA 94304","Posted
Posted 30+ days ago"
Ergonomics Product Design Engineering Program Manager - Apple Vision Pro,Rivian,"Palo Alto, CA 94304","Posted
Posted 30+ days ago"
Senior Lead Product Designer - Consumer Digital Channels,Rivian,"Palo Alto, CA 94304","Posted
Posted 21 days ago"
